"Time","Radiation","Temperature","Pressure","Humidity","WindDirection(Degrees)","Speed"
"23:55:26","1.21","28","30.46","59","177.39","5.62"
"23:50:23","1.21","28","30.46","58","176.78","3.37"
"23:45:26","1.23","28","30.46","57","158.75","3.37"
"23:40:21","1.21","28","30.46","60","137.71","3.37"
"23:35:24","1.17","28","30.46","62","104.95","5.62"
"23:30:24","1.21","28","30.46","64","120.2","5.62"
"23:25:19","1.2","29","30.46","72","112.45","6.75"
"23:20:22","1.24","29","30.46","71","122.97","5.62"
"23:15:22","1.23","29","30.46","80","101.18","4.5"
"23:10:22","1.21","29","30.46","85","141.87","4.5"
"23:05:23","1.23","29","30.47","93","120.55","2.25"
"23:00:25","1.21","29","30.47","98","144.19","3.37"
"22:55:20","1.22","29","30.47","99","139.8","6.75"
"22:50:19","1.21","30","30.47","99","140.92","2.25"
"22:45:31","1.23","30","30.47","99","147.61","5.62"
"22:40:23","1.22","30","30.47","99","113.78","4.5"
"22:35:19","1.21","30","30.47","99","123.03","10.12"
"22:30:22","1.22","30","30.47","99","173.73","6.75"
"22:25:19","1.22","30","30.47","98","91.43","6.75"
"22:20:22","1.2","30","30.47","98","109.74","6.75"
"22:15:22","1.2","30","30.47","98","143.53","2.25"
"22:10:21","1.2","30","30.47","97","146.76","5.62"
"22:05:20","1.21","30","30.47","97","158.35","4.5"
"22:00:26","1.22","30","30.47","97","166.05","5.62"
"21:55:20","1.22","30","30.47","96","151.82","5.62"
"21:50:32","1.22","30","30.47","96","152.52","6.75"
"21:45:28","1.24","30","30.47","95","127.82","7.87"
"21:40:20","1.23","30","30.47","95","157.58","6.75"
"21:35:21","1.23","30","30.47","95","172.96","7.87"
"21:30:21","1.23","30","30.47","95","143.82","6.75"
"21:25:22","1.24","30","30.47","94","154.03","5.62"
"21:20:21","1.2","30","30.47","93","165.93","4.5"
"21:15:23","1.24","30","30.47","93","139.82","7.87"
"21:10:20","1.21","29","30.47","93","166.07","9"
"21:05:26","1.24","30","30.47","93","116.16","5.62"
"21:00:20","1.2","30","30.47","92","157.48","4.5"
"20:55:18","1.19","30","30.47","91","112.27","7.87"
"20:50:20","1.25","30","30.47","90","133.69","6.75"
"20:45:24","1.25","30","30.47","88","140.64","6.75"
"20:40:19","1.23","30","30.47","87","52.89","1.12"
"20:35:19","1.21","30","30.47","86","132.66","4.5"
"20:30:18","1.25","30","30.46","85","138.35","5.62"
"20:25:20","1.23","30","30.46","84","109.87","3.37"
"20:20:23","1.23","30","30.47","81","123.25","3.37"
"20:15:20","1.26","30","30.46","75","158.64","4.5"
"20:10:22","1.17","30","30.46","70","165.22","5.62"
"20:05:22","1.22","30","30.46","63","160.51","3.37"
"20:00:18","1.22","30","30.46","51","155.36","4.5"
"19:55:23","1.22","30","30.46","47","157.78","6.75"
"19:50:22","1.24","30","30.46","46","151.6","3.37"
"19:45:25","1.25","30","30.46","47","105.78","4.5"
"19:40:22","1.19","30","30.46","48","135.55","4.5"
"19:35:22","1.19","30","30.46","56","140.92","4.5"
"19:30:20","1.23","30","30.46","57","165","4.5"
"19:25:21","1.19","31","30.46","55","126.63","3.37"
"19:20:20","1.23","31","30.46","54","119.97","4.5"
"19:15:22","1.22","31","30.45","53","95.57","2.25"
"19:10:24","1.24","31","30.45","51","100.02","4.5"
"19:05:20","1.24","31","30.45","51","111.73","2.25"
"19:00:24","1.23","31","30.45","52","145.77","5.62"
"18:55:19","1.23","31","30.45","51","105.89","6.75"
"18:50:24","1.24","31","30.45","52","120.86","5.62"
"18:45:19","1.23","31","30.44","55","170.11","5.62"
"18:40:21","1.21","32","30.44","55","107.15","5.62"
"18:35:21","1.24","32","30.44","55","129.29","6.75"
"18:30:23","1.18","32","30.45","59","158.73","3.37"
"18:25:19","1.52","32","30.44","59","211.38","2.25"
"18:20:23","5.07","33","30.44","61","174.97","4.5"
"18:15:21","6.16","33","30.44","62","120.78","7.87"
"18:10:52","6.63","33","30.44","59","118.82","5.62"
"18:05:22","10.96","34","30.44","59","154.16","4.5"
"18:00:22","19.42","35","30.44","57","58.42","6.75"
"17:55:22","27.14","35","30.44","53","47.86","4.5"
"17:50:19","33.75","36","30.44","52","74.56","2.25"
"17:45:22","49.57","36","30.44","49","25.72","6.75"
"17:40:22","59.62","36","30.44","50","102.11","2.25"
"17:35:38","87.23","36","30.44","48","67.49","3.37"
"17:30:25","109.93","36","30.43","49","180.29","2.25"
"17:25:25","130.82","37","30.43","57","150.2","2.25"
"17:20:25","160.52","37","30.43","55","47.3","5.62"
"17:15:20","191.37","38","30.43","52","333.81","1.12"
"17:10:20","207.05","38","30.43","49","41.62","4.5"
"17:05:22","240.99","38","30.43","45","132.36","5.62"
"17:00:24","274.83","38","30.43","41","332.09","4.5"
"16:55:25","300.94","38","30.43","55","45.88","3.37"
"16:50:22","322.71","38","30.43","56","94.24","7.87"
"16:45:38","346.59","38","30.43","50","81.57","6.75"
"16:40:20","364.18","38","30.43","49","351.03","7.87"
"16:35:41","368.35","38","30.43","51","78.81","5.62"
"16:30:22","362.84","38","30.43","46","85.96","5.62"
"16:25:21","423.9","39","30.43","48","19.78","4.5"
"16:20:25","457.69","38","30.43","59","18.26","4.5"
"16:15:23","511.38","38","30.43","52","69.08","3.37"
"16:10:22","566.83","38","30.43","52","40.87","4.5"
"16:05:20","187.96","38","30.43","49","0.13","4.5"
"16:00:20","310.59","39","30.43","58","27.34","9"
"15:55:22","230.26","39","30.43","46","359.93","3.37"
"15:50:21","623.31","40","30.43","46","22.18","7.87"
"15:45:22","312.1","40","30.43","48","4.38","10.12"
"15:40:24","803.72","40","30.43","44","355.03","7.87"
"15:35:19","671.97","40","30.42","47","0.4","7.87"
"15:30:20","670.32","40","30.42","51","53.16","4.5"
"15:25:21","679.73","40","30.42","48","353.87","9"
"15:20:24","687.62","40","30.43","54","2.04","4.5"
"15:15:18","697.66","41","30.42","53","34.85","11.25"
"15:10:21","716.27","41","30.42","44","11.08","7.87"
"15:05:23","744.43","41","30.43","50","1.6","5.62"
"15:02:10","612.34","41","30.42","53","345.21","7.87"
"14:55:21","760.9","41","30.42","50","165.42","4.5"
"14:50:21","773.71","41","30.42","57","30.3","6.75"
"14:45:18","790.08","41","30.42","59","34.24","3.37"
"14:40:23","804.28","41","30.42","59","19.11","7.87"
"14:35:24","818.82","41","30.42","53","84.61","6.75"
"14:30:19","855.63","42","30.42","51","31.88","5.62"
"14:25:20","875.16","42","30.42","58","149.48","3.37"
"14:20:21","867.9","42","30.42","54","62.54","3.37"
"14:15:27","872.67","42","30.43","58","39.59","5.62"
"14:10:20","890.52","42","30.43","50","122.13","4.5"
"14:00:19","911.06","42","30.43","53","65.07","7.87"
"13:55:20","925.16","42","30.43","49","69.79","7.87"
"13:50:20","933.15","42","30.43","47","346.87","5.62"
"13:45:21","942.73","42","30.43","53","359.93","5.62"
"13:40:21","955.74","42","30.43","50","9.92","4.5"
"13:35:21","959.47","42","30.43","54","19.98","9"
"13:30:20","970.22","42","30.43","57","0.9","6.75"
"13:25:18","974.87","42","30.43","54","19.13","11.25"
"13:20:20","985.22","42","30.44","53","61.93","7.87"
"13:15:25","992.19","42","30.43","50","63.35","10.12"
"13:10:22","997.26","42","30.44","56","171.18","7.87"
"13:05:22","1004.6","42","30.44","54","45.65","7.87"
"13:00:19","1007.96","43","30.44","54","15.92","11.25"
"12:55:22","1013.59","43","30.44","54","130.14","9"
"12:50:20","1020.55","42","30.44","51","21.54","10.12"
"12:45:19","1025.63","42","30.44","45","70.89","15.75"
"12:40:20","1029.41","43","30.45","46","59.62","12.37"
"12:35:20","1034.46","43","30.45","43","79.08","7.87"
"12:30:19","1033.54","43","30.45","43","359.46","5.62"
"12:25:21","1039.06","43","30.45","40","59.89","4.5"
"12:20:20","1039.67","43","30.45","39","40.66","6.75"
"12:15:20","1037.76","44","30.46","41","20.44","14.62"
"12:10:24","1039.52","44","30.45","41","40.4","13.5"
"12:05:20","1040.14","43","30.45","41","117.62","4.5"
"12:00:27","1039.22","43","30.46","42","354.78","1.12"
"11:55:20","1035.99","43","30.46","41","35.68","4.5"
"11:50:20","1033.49","43","30.46","39","350","5.62"
"11:45:18","1029.15","43","30.46","41","14.63","9"
"11:40:20","1025.51","43","30.46","41","349.53","2.25"
"11:35:19","1023.78","43","30.46","41","31.9","9"
"11:30:22","1017.57","43","30.47","37","339.83","3.37"
"11:25:20","1013.93","43","30.47","34","67.14","11.25"
"11:20:21","1009.36","43","30.47","34","61.67","9"
"11:15:22","1002.89","43","30.47","33","32.74","6.75"
"11:11:56","999.19","43","30.47","31","4.51","6.75"
"11:05:22","987.02","42","30.47","36","38.9","10.12"
"11:00:23","981.66","43","30.47","40","28.85","7.87"
"10:55:21","973.79","43","30.47","35","114.97","5.62"
"10:50:22","964.46","43","30.47","37","60.94","6.75"
"10:45:20","957.02","42","30.47","40","37.85","7.87"
"10:40:22","946.32","42","30.47","44","38.03","11.25"
"10:35:22","933.08","42","30.47","45","37.37","11.25"
"10:30:21","926.79","42","30.47","43","10.44","5.62"
"10:25:19","915.84","42","30.47","42","5.51","11.25"
"10:20:19","901.65","42","30.47","42","24.74","9"
"10:15:23","899.53","41","30.47","46","37.67","7.87"
"10:10:20","878.76","42","30.47","49","61.93","7.87"
"10:05:23","867.98","41","30.47","44","359.93","6.75"
"10:00:25","855.89","42","30.47","41","26.99","7.87"
"09:55:21","841.52","41","30.47","42","21.37","9"
"09:50:22","830.19","42","30.47","38","52.73","10.12"
"09:45:19","815.1","42","30.47","39","61.67","6.75"
"09:40:20","799.29","42","30.47","41","42.59","5.62"
"09:35:25","785.6","41","30.47","41","37.83","7.87"
"09:30:21","768.39","41","30.47","45","7.14","7.87"
"09:25:19","754.06","41","30.47","44","186.9","4.5"
"09:20:22","738.75","41","30.47","43","7.25","7.87"
"09:15:23","722.23","41","30.46","44","33.19","11.25"
"09:10:23","706.41","41","30.46","44","56.91","6.75"
"09:05:21","686.3","41","30.46","45","70.29","3.37"
"09:00:26","669.11","40","30.46","49","16.18","9"
"08:55:21","652.51","41","30.46","47","52.76","2.25"
"08:50:23","634.99","41","30.46","41","14.96","6.75"
"08:45:27","617.87","41","30.46","31","19.08","7.87"
"08:40:21","597.41","41","30.46","34","0.1","2.25"
"08:35:22","578.24","41","30.46","31","24.56","4.5"
"08:30:21","559.23","40","30.46","35","41.61","1.12"
"08:25:21","538.41","40","30.46","37","31.05","3.37"
"08:20:23","519.16","40","30.46","41","25.35","4.5"
"08:15:21","499.21","40","30.45","40","3.77","3.37"
"08:10:19","478.48","40","30.45","40","17.86","3.37"
"08:05:18","458.27","39","30.45","40","74.63","1.12"
"08:00:24","438.05","39","30.45","45","64.84","2.25"
"07:55:19","416.28","40","30.44","30","53.32","5.62"
"07:50:19","395.14","39","30.44","31","75.7","3.37"
"07:45:20","373.7","38","30.44","34","58.43","2.25"
"07:40:19","352.56","37","30.43","34","113.5","1.12"
"07:30:21","305.78","34","30.43","38","146.52","1.12"
"07:25:21","278.29","32","30.43","42","142.16","2.25"
"07:20:28","251.51","31","30.43","44","151.94","2.25"
"07:15:24","222.48","30","30.43","46","143.23","4.5"
"07:10:22","164.44","29","30.43","47","172.83","3.37"
"07:05:23","21.36","28","30.43","48","176.93","4.5"
"07:00:25","20","28","30.42","50","182.88","5.62"
"06:55:23","19.24","28","30.42","51","173.07","7.87"
"06:50:19","18.33","27","30.42","53","191.44","7.87"
"06:45:20","17.31","27","30.42","54","193.99","9"
"06:40:22","16.09","27","30.42","55","190.38","10.12"
"06:35:19","14.73","27","30.42","56","179.45","10.12"
"06:30:20","12.53","27","30.42","57","188.58","6.75"
"06:25:21","9.86","27","30.42","57","188.37","7.87"
"06:20:20","7.7","27","30.41","58","192.09","7.87"
"06:15:22","6.17","27","30.41","61","157.11","7.87"
"06:10:23","4.32","27","30.41","62","177.65","6.75"
"06:05:20","2.34","27","30.41","62","187.76","7.87"
"06:00:24","1.47","27","30.41","61","185.73","7.87"
"05:55:25","1.21","27","30.41","60","184.95","9"
"05:50:21","1.23","27","30.41","59","182.07","9"
"05:45:21","1.24","26","30.41","58","184.89","10.12"
"05:40:21","1.23","26","30.4","59","190.62","7.87"
"05:35:26","1.21","26","30.4","58","188.4","7.87"
"05:30:27","1.21","26","30.4","58","193.81","5.62"
"05:25:22","1.22","25","30.4","56","191.32","6.75"
"05:20:24","1.22","25","30.4","56","184.3","5.62"
"05:15:21","1.2","25","30.4","55","174.74","4.5"
"05:10:22","1.2","25","30.4","55","184.56","6.75"
"05:05:20","1.16","26","30.4","55","165.66","6.75"
"05:00:22","1.15","26","30.4","53","177.23","4.5"
"04:55:25","1.18","26","30.4","51","173.92","4.5"
"04:50:25","1.18","26","30.4","50","174.53","5.62"
"04:45:20","1.18","26","30.4","50","163.85","3.37"
"04:40:21","1.19","26","30.4","49","166.26","4.5"
"04:35:19","1.18","26","30.39","49","176.34","3.37"
"04:30:25","1.2","26","30.39","48","170.62","5.62"
"04:25:25","1.17","26","30.39","47","176.8","3.37"
"04:20:21","1.17","26","30.39","47","170.45","4.5"
"04:15:29","1.18","26","30.39","45","180.3","3.37"
"04:10:22","1.21","26","30.39","45","187.66","6.75"
"04:05:18","1.17","26","30.39","45","173.01","5.62"
"04:00:20","1.18","26","30.39","45","178.75","5.62"
"03:55:20","1.19","26","30.39","47","171.85","6.75"
"03:50:26","1.18","26","30.39","47","189.46","6.75"
"03:45:22","1.2","26","30.39","48","169.78","5.62"
"03:40:26","1.22","26","30.39","50","183.99","6.75"
"03:35:22","1.21","26","30.39","52","173.17","5.62"
"03:30:19","1.22","26","30.38","55","186.34","7.87"
"03:25:23","1.21","26","30.38","56","159.97","6.75"
"03:20:23","1.18","27","30.38","57","170.61","4.5"
"03:15:22","1.24","27","30.39","58","171.98","3.37"
"03:10:24","1.22","27","30.38","58","177.67","6.75"
"03:05:19","1.24","27","30.39","58","165.64","5.62"
"03:00:19","1.26","27","30.38","58","181.39","4.5"
"02:55:25","1.18","27","30.38","58","156.71","3.37"
"02:50:25","1.24","27","30.39","58","156.31","7.87"
"02:45:23","1.19","27","30.39","59","168.46","4.5"
"02:40:23","1.2","27","30.39","59","172.8","5.62"
"02:35:22","1.24","27","30.39","60","158.68","5.62"
"02:30:25","1.23","27","30.39","60","167.47","6.75"
"02:25:21","1.25","27","30.39","60","165.89","5.62"
"02:20:21","1.23","27","30.39","62","163.06","5.62"
"02:15:23","1.2","27","30.39","64","154.2","2.25"
"02:10:20","1.24","27","30.39","64","190.87","6.75"
"02:05:24","1.24","27","30.39","66","168.77","4.5"
"02:00:30","1.23","27","30.4","65","183.32","5.62"
"01:55:24","1.2","27","30.4","68","170.4","4.5"
"01:50:23","1.21","28","30.4","70","186.06","5.62"
"01:45:24","1.22","28","30.4","69","152.34","5.62"
"01:40:18","1.25","28","30.4","71","171.74","5.62"
"01:35:21","1.18","28","30.4","73","164.9","6.75"
"01:30:21","1.22","28","30.4","76","193.66","5.62"
"01:25:20","1.21","28","30.4","76","183.44","5.62"
"01:20:23","1.25","28","30.4","77","169.53","5.62"
"01:15:20","1.23","28","30.41","77","170.89","5.62"
"01:10:26","1.23","28","30.41","77","180.16","5.62"
"01:05:19","1.22","28","30.41","78","159.54","5.62"
"01:00:24","1.23","28","30.41","78","160.62","5.62"
"00:55:25","1.23","28","30.41","78","179.43","5.62"
"00:50:29","1.19","28","30.41","78","177.17","5.62"
"00:45:24","1.22","28","30.41","78","176.09","3.37"
"00:40:19","1.22","28","30.41","78","170.4","6.75"
"00:35:21","1.22","29","30.41","78","181.25","4.5"
"00:30:22","1.22","29","30.41","77","183.79","7.87"
"00:25:24","1.22","29","30.41","78","166.36","4.5"
"00:20:25","1.23","29","30.42","77","168.56","5.62"
"00:10:23","1.21","30","30.42","75","162.03","5.62"
"00:05:20","1.22","30","30.42","75","121.92","2.25"
"00:00:31","1.21","29","30.42","75","148.94","6.75"
"23:55:21","1.24","30","30.42","75","167.24","5.62"
"23:50:24","1.23","30","30.42","74","169.78","5.62"
"23:45:31","1.22","30","30.42","74","183.28","4.5"
"23:40:21","1.21","30","30.42","74","159.15","6.75"
"23:35:21","1.24","30","30.42","73","176.24","4.5"
"23:30:24","1.23","30","30.42","74","158.44","6.75"
"23:25:21","1.23","30","30.42","75","161.04","7.87"
"23:20:23","1.24","30","30.43","75","145.97","6.75"
"23:15:20","1.19","30","30.43","77","168.62","7.87"
"23:10:23","1.22","30","30.43","79","160.36","5.62"
"23:05:21","1.22","30","30.43","79","149.44","4.5"
"23:00:25","1.23","30","30.43","81","147.81","9"
"22:55:20","1.2","31","30.43","82","161.97","5.62"
"22:50:24","1.22","31","30.43","84","169.04","6.75"
"22:45:22","1.2","31","30.43","86","167.45","5.62"
"22:40:19","1.23","30","30.43","88","163.91","6.75"
"22:35:23","1.22","30","30.43","89","142.26","10.12"
"22:30:25","1.23","30","30.43","89","161.97","12.37"
"22:25:27","1.23","31","30.43","87","159.7","9"
"22:20:21","1.22","31","30.44","85","78.09","5.62"
"22:15:20","1.23","31","30.43","77","88.77","4.5"
"22:10:25","1.21","31","30.43","75","130.36","4.5"
"22:05:21","1.21","31","30.43","75","162.76","4.5"
"22:00:20","1.2","31","30.43","73","146.94","7.87"
"21:55:20","1.2","31","30.43","71","116.25","3.37"
"21:50:28","1.21","31","30.43","71","144.4","3.37"
"21:45:22","1.22","31","30.43","68","148.71","7.87"
"21:40:21","1.21","31","30.43","66","153.22","5.62"
"21:35:24","1.24","31","30.43","67","179.54","5.62"
"21:30:30","1.2","31","30.43","69","180.65","2.25"
"21:25:21","1.22","31","30.43","72","157.82","3.37"
"21:20:23","1.21","31","30.44","67","135.43","5.62"
"21:15:28","1.25","31","30.43","67","100.03","2.25"
"21:10:20","1.25","31","30.43","68","112.05","6.75"
"21:05:20","1.23","31","30.43","70","151.33","9"
"21:00:26","1.23","31","30.43","75","138.72","6.75"
"20:55:18","1.23","31","30.43","73","159.9","7.87"
"20:50:21","1.18","32","30.43","68","105.34","4.5"
"20:45:20","1.24","32","30.43","67","127.43","5.62"
"20:40:19","1.23","32","30.43","67","120.88","7.87"
"20:35:18","1.2","32","30.43","65","88.97","2.25"
"20:30:22","1.23","32","30.42","65","111.28","4.5"
"20:25:24","1.23","32","30.42","66","140.23","5.62"
"20:20:29","1.23","32","30.42","65","160.04","6.75"
"20:15:24","1.23","32","30.42","66","139.86","10.12"
"20:10:19","1.21","32","30.41","67","122.69","6.75"
"20:05:22","1.24","32","30.41","66","152.68","1.12"
"20:00:22","1.22","33","30.41","69","162.52","5.62"
"19:55:21","1.22","33","30.41","68","103.2","6.75"
"19:50:18","1.23","33","30.41","69","128.17","5.62"
"19:45:24","1.21","33","30.41","70","96.22","6.75"
"19:40:24","1.27","33","30.41","73","109.76","6.75"
"19:35:27","1.24","33","30.41","70","97.28","6.75"
"19:30:22","1.2","33","30.4","71","189.66","1.12"
"19:25:22","1.24","33","30.4","71","119.71","4.5"
"19:20:22","1.2","33","30.4","72","116.54","4.5"
"19:15:19","1.25","32","30.4","77","144.9","4.5"
"19:10:32","1.25","32","30.39","82","137.32","6.75"
"19:05:22","1.2","32","30.39","88","73","3.37"
"19:00:26","1.24","32","30.39","93","118.46","4.5"
"18:55:19","1.2","33","30.39","93","89.91","1.12"
"18:50:19","1.25","33","30.39","91","76.58","5.62"
"18:45:21","1.23","32","30.39","93","68.07","2.25"
"18:40:24","1.24","32","30.39","94","105.92","2.25"
"18:35:18","1.23","32","30.39","94","128.5","4.5"
"18:30:28","1.27","33","30.39","94","75.55","2.25"
"18:25:23","1.43","33","30.39","93","89.11","3.37"
"18:20:18","2.59","33","30.39","92","61.7","4.5"
"18:15:20","4.5","34","30.39","91","15.53","4.5"
"18:10:21","6.36","35","30.39","89","42.14","3.37"
"18:05:18","9.83","35","30.38","86","25.85","3.37"
"18:00:19","13.81","36","30.38","81","70.97","1.12"
"17:55:23","24.13","36","30.38","82","71.25","1.12"
"17:50:23","32.14","36","30.38","83","58.36","2.25"
"17:45:24","44.93","36","30.38","82","6.05","4.5"
"17:40:44","61","37","30.38","82","0.11","0"
"17:35:23","82.38","37","30.38","82","6.02","1.12"
"17:30:25","104.74","38","30.38","81","75.85","4.5"
"17:25:32","128.94","38","30.38","75","60.74","4.5"
"17:20:21","154.49","38","30.38","75","90.92","3.37"
"17:15:21","181.97","37","30.38","75","84.96","7.87"
"17:10:20","210.59","38","30.38","74","90.66","5.62"
"17:05:20","238.19","38","30.38","79","83.12","4.5"
"17:00:24","273.59","38","30.38","80","31.83","4.5"
"16:55:24","297.07","38","30.38","80","73.56","4.5"
"16:50:21","314.43","38","30.38","76","52.53","5.62"
"16:45:21","341.61","38","30.38","77","354.71","4.5"
"16:40:21","406.32","39","30.38","78","25.13","9"
"16:35:23","378.69","39","30.38","73","12.59","10.12"
"16:30:21","398.82","39","30.37","75","44.49","6.75"
"16:25:25","417.96","39","30.37","76","27.26","5.62"
"16:20:22","444.47","39","30.37","75","35.79","4.5"
"16:15:21","462.34","39","30.37","71","43.49","7.87"
"16:10:20","479.26","39","30.37","72","54.85","5.62"
"16:05:19","502.5","40","30.37","68","38.26","5.62"
"16:00:18","521.83","40","30.37","71","39.37","10.12"
"15:55:23","539.84","41","30.38","60","38.24","4.5"
"15:50:20","563.11","41","30.38","63","29.55","7.87"
"15:45:19","580.41","41","30.37","65","99.56","2.25"
"15:40:20","601.63","41","30.37","60","7.47","7.87"
"15:35:22","618.37","41","30.37","62","40.57","6.75"
"15:30:19","639.19","41","30.37","63","19.62","5.62"
"15:25:25","657.19","41","30.37","62","57.08","6.75"
"15:20:22","675.59","41","30.37","60","54.92","5.62"
"15:15:23","691.73","41","30.37","68","27.95","3.37"
"15:05:19","725.71","41","30.37","60","73.08","5.62"
"15:00:27","738.91","42","30.37","63","37.92","5.62"
"14:55:32","755.95","42","30.37","64","18.1","4.5"
"14:50:19","768.89","42","30.38","60","59.21","4.5"
"14:45:19","780.58","42","30.37","62","81.98","6.75"
"14:40:24","798.77","42","30.37","56","12.69","4.5"
"14:35:23","812.82","42","30.38","57","340.34","7.87"
"14:30:21","825.33","42","30.38","59","21.61","7.87"
"14:25:18","842.62","42","30.38","60","2.33","5.62"
"14:20:19","851.79","43","30.38","60","28.66","11.25"
"14:15:18","869.31","43","30.38","59","51.58","7.87"
"14:10:27","882.14","42","30.38","58","137.12","5.62"
"14:05:22","893.68","43","30.38","60","23.91","12.37"
"14:00:20","904.81","43","30.38","59","49.07","11.25"
"13:55:21","914.27","43","30.39","57","8.87","5.62"
"13:50:26","925.33","43","30.38","61","68.21","7.87"
"13:45:20","934.09","42","30.39","59","269.81","4.5"
"13:40:21","943.28","43","30.39","57","36.16","6.75"
"13:35:20","951.22","43","30.39","59","51.28","9"
"13:30:22","962.51","43","30.39","56","96.24","9"
"13:25:19","969.73","44","30.39","58","35.49","13.5"
"13:20:23","979.64","44","30.39","54","15.16","6.75"
"13:15:21","987.88","43","30.39","55","23.95","5.62"
"13:10:22","995.36","44","30.39","55","1.28","3.37"
"13:05:22","1000.69","43","30.39","55","39.99","5.62"
"13:00:29","1007.72","43","30.39","53","32.01","6.75"
"12:55:19","1009.68","43","30.4","56","55.92","13.5"
"12:50:23","1012.96","43","30.4","55","17.42","6.75"
"12:45:23","1014.42","44","30.39","55","84.77","6.75"
"12:40:19","1018.59","44","30.4","53","30.74","11.25"
"12:35:19","1021.35","44","30.4","53","33.64","10.12"
"12:30:23","1025.7","44","30.4","52","26.38","13.5"
"12:25:24","1026.5","43","30.4","49","57.98","6.75"
"12:20:19","1029.3","43","30.4","51","359.93","4.5"
"12:15:19","1026.44","43","30.4","56","35.44","7.87"
"12:10:24","1025.65","43","30.4","53","6.47","5.62"
"12:00:25","1027.27","43","30.4","56","359.93","7.87"
"11:55:24","1021.34","44","30.4","53","355.12","12.37"
"11:50:22","1021.43","44","30.4","51","54.4","5.62"
"11:45:20","1017.75","44","30.41","52","14.61","5.62"
"11:40:20","1017.9","44","30.41","52","36.19","4.5"
"11:35:25","1013.63","44","30.41","51","37.32","10.12"
"11:30:22","1008.62","44","30.41","51","31.73","10.12"
"11:25:27","1003.03","44","30.41","50","359.92","5.62"
"11:20:22","999.55","44","30.41","51","31.56","10.12"
"11:15:23","990.23","44","30.42","51","31.75","7.87"
"11:10:19","983.03","44","30.42","50","27.02","12.37"
"11:05:18","979.47","44","30.42","51","19.9","10.12"
"11:00:23","971.99","44","30.42","52","37.54","5.62"
"10:55:18","963.55","44","30.42","53","0.12","5.62"
"10:50:19","954.68","44","30.42","53","170.18","5.62"
"10:45:19","945.02","43","30.42","52","31.49","11.25"
"10:40:20","937.88","44","30.42","51","32.77","7.87"
"10:35:19","927.39","44","30.42","50","30.44","7.87"
"10:30:20","917.65","44","30.42","52","31.26","7.87"
"10:25:19","907.2","44","30.42","50","53.87","5.62"
"10:20:24","898.15","43","30.42","51","46.26","2.25"
"10:15:22","883.59","43","30.42","52","9.55","4.5"
"10:10:20","871.54","42","30.42","53","76.78","4.5"
"10:05:23","860.3","42","30.42","52","11.51","7.87"
"10:00:19","844.12","43","30.42","52","50.15","6.75"
"09:55:22","831.86","42","30.42","52","139.5","4.5"
"09:50:20","818.22","42","30.42","54","26.02","5.62"
"09:45:24","805.71","42","30.43","54","352.03","4.5"
"09:40:22","792.03","42","30.43","54","339.78","2.25"
"09:35:22","776.64","42","30.42","54","61.32","5.62"
"09:30:20","761.38","42","30.43","54","71.19","6.75"
"09:25:22","744.78","42","30.42","54","35.49","2.25"
"09:20:21","730.74","42","30.42","53","32.29","4.5"
"09:15:23","713.44","42","30.42","54","64.24","6.75"
"09:10:24","694.68","42","30.42","52","12.6","3.37"
"09:05:25","679.66","42","30.42","54","36.2","4.5"
"09:00:21","662.26","41","30.42","55","359.92","5.62"
"08:55:23","642.27","41","30.42","55","33.73","9"
"08:50:20","623.85","41","30.42","56","55.33","4.5"
"08:45:23","605.51","41","30.42","56","72.33","5.62"
"08:40:22","587.31","41","30.42","57","55.57","6.75"
"08:35:20","567","40","30.42","57","109.91","4.5"
"08:30:18","547.21","40","30.42","58","104.5","3.37"
"08:25:25","525.23","40","30.41","59","42.17","7.87"
"08:20:22","506.22","40","30.41","60","74.08","5.62"
"08:15:22","484.69","40","30.41","61","97.72","3.37"
"08:10:23","465.71","39","30.41","63","70.01","1.12"
"08:05:20","446.9","39","30.41","62","55.89","6.75"
"08:00:20","426.1","39","30.41","64","80.52","3.37"
"07:55:26","404.77","38","30.41","66","114.91","2.25"
"07:50:24","384","38","30.41","68","105.99","3.37"
"07:45:21","362.68","37","30.4","70","16.41","4.5"
"07:40:19","340.39","36","30.4","74","122.53","2.25"
"07:35:18","319.65","34","30.4","78","114.74","3.37"
"07:30:24","295.67","33","30.4","80","141.69","5.62"
"07:25:18","269.87","32","30.4","82","162.19","4.5"
"07:20:21","242.36","31","30.4","83","156.29","5.62"
"07:15:19","214.39","30","30.39","85","150.1","4.5"
"07:10:22","160.24","29","30.39","86","169.42","5.62"
"07:05:24","23.47","28","30.39","86","168.51","5.62"
"07:00:19","21.98","28","30.39","87","155.47","5.62"
"06:55:18","20.93","27","30.39","87","171.38","5.62"
"06:50:24","19.82","27","30.39","87","185.45","6.75"
"06:45:21","18.65","27","30.39","87","172.69","7.87"
"06:40:20","17.21","26","30.38","87","195.59","6.75"
"06:35:20","15.65","26","30.38","87","189.89","6.75"
"06:30:22","13.91","26","30.38","87","192.26","5.62"
"06:25:19","11.87","26","30.38","87","189.68","7.87"
"06:20:21","9.69","26","30.38","86","189.87","7.87"
"06:15:21","7.27","26","30.38","86","185.96","4.5"
"06:10:24","5.17","26","30.38","86","187.6","6.75"
"06:05:21","3.05","26","30.38","85","187.14","6.75"
"06:00:22","1.69","26","30.38","85","185.37","6.75"
"05:50:19","1.2","26","30.38","84","188.5","7.87"
"05:45:26","1.22","26","30.38","84","189.81","7.87"
"05:40:21","1.21","26","30.38","84","190.4","7.87"
"05:35:21","1.2","26","30.37","84","186.28","9"
"05:30:21","1.21","26","30.38","84","184.25","9"
"05:25:20","1.24","26","30.37","84","196.6","7.87"
"05:20:20","1.2","26","30.37","84","188.73","7.87"
"05:15:21","1.2","26","30.37","85","187.27","9"
"05:10:21","1.22","26","30.37","85","191.32","9"
"05:05:21","1.23","26","30.37","85","187.04","5.62"
"05:00:21","1.22","26","30.37","84","189.8","5.62"
"04:55:21","1.2","26","30.37","84","175.22","5.62"
"04:50:22","1.23","26","30.37","84","189.17","6.75"
"04:45:22","1.23","26","30.37","84","194.28","7.87"
"04:40:20","1.21","26","30.37","84","190.57","7.87"
"04:35:22","1.21","26","30.37","84","182.87","6.75"
"04:30:20","1.22","26","30.37","84","191.63","6.75"
"04:25:21","1.21","26","30.37","84","192.17","6.75"
"04:20:30","1.21","26","30.37","84","187.33","6.75"
"04:15:22","1.2","26","30.37","84","182.58","4.5"
"04:10:26","1.23","26","30.37","84","192.3","5.62"
"04:05:18","1.22","27","30.37","84","191.24","5.62"
"04:00:21","1.23","27","30.37","84","189.47","5.62"
"03:55:21","1.21","27","30.37","84","175.34","4.5"
"03:50:22","1.23","26","30.37","84","171","5.62"
"03:45:28","1.22","26","30.37","84","186.46","5.62"
"03:40:19","1.22","26","30.37","84","170.05","4.5"
"03:35:18","1.18","27","30.37","84","187.24","6.75"
"03:30:19","1.2","27","30.37","84","181.58","6.75"
"03:25:22","1.22","27","30.37","84","192.97","6.75"
"03:20:25","1.2","27","30.37","84","160.03","5.62"
"03:15:30","1.27","27","30.37","85","185.74","6.75"
"03:10:21","1.24","27","30.37","85","176.62","4.5"
"03:05:24","1.27","27","30.37","85","176.95","5.62"
"03:00:19","1.26","27","30.37","85","187.04","5.62"
"02:55:20","1.28","27","30.37","85","178.66","4.5"
"02:50:24","1.24","28","30.37","84","182.48","5.62"
"02:45:21","1.29","28","30.37","84","148.55","5.62"
"02:40:25","1.28","28","30.37","84","171.57","4.5"
"02:35:19","1.25","28","30.38","85","189.6","6.75"
"02:30:21","1.26","28","30.38","85","178.33","5.62"
"02:25:21","1.26","28","30.38","85","178.33","4.5"
"02:20:19","1.27","28","30.38","85","177.29","5.62"
"02:15:22","1.32","28","30.38","86","146.94","4.5"
"02:10:21","1.27","27","30.38","86","174.64","5.62"
"02:05:24","1.27","28","30.38","87","183.53","7.87"
"02:00:20","1.28","28","30.38","86","185.82","6.75"
"01:55:30","1.3","28","30.38","86","185.19","7.87"
"01:50:21","1.27","28","30.38","87","185.37","7.87"
"01:45:23","1.24","28","30.38","87","186.36","7.87"
"01:40:20","1.31","28","30.38","87","184.18","5.62"
"01:35:23","1.26","28","30.38","88","189.84","6.75"
"01:30:26","1.23","28","30.39","88","188.96","5.62"
"01:25:21","1.27","28","30.39","88","171.49","4.5"
"01:20:21","1.31","28","30.39","89","179.44","5.62"
"01:15:25","1.26","28","30.39","89","187.36","5.62"
"01:05:20","1.26","28","30.39","89","177.37","5.62"
"01:00:20","1.27","28","30.39","89","185.67","5.62"
"00:55:19","1.26","28","30.39","89","171.18","4.5"
"00:50:21","1.24","28","30.39","89","187.64","7.87"
"00:45:23","1.26","29","30.39","89","187","6.75"
"00:40:22","1.25","29","30.4","89","180.05","5.62"
"00:35:22","1.24","29","30.4","89","188.22","6.75"
"00:30:19","1.27","29","30.4","89","187.61","6.75"
"00:25:19","1.27","29","30.4","89","182.03","5.62"
"00:10:23","1.26","29","30.4","89","169.59","3.37"
"00:05:24","1.23","29","30.4","89","184.15","6.75"
"00:00:19","1.22","29","30.4","89","185.04","5.62"
"23:55:24","1.23","29","30.4","89","178.36","4.5"
"23:50:20","1.23","29","30.4","90","177.36","4.5"
"23:45:24","1.23","29","30.4","90","178.04","4.5"
"23:40:24","1.23","29","30.4","90","176.62","4.5"
"23:30:19","1.22","29","30.41","89","180.47","4.5"
"23:25:24","1.23","30","30.41","89","169.69","4.5"
"23:20:23","1.22","30","30.41","89","174.97","3.37"
"23:15:18","1.27","30","30.41","89","167.05","4.5"
"23:10:19","1.3","30","30.41","88","159.49","2.25"
"23:05:24","1.28","30","30.41","88","166.48","4.5"
"23:00:21","1.24","30","30.41","88","164.35","4.5"
"22:55:21","1.29","30","30.41","88","167.11","4.5"
"22:50:27","1.23","30","30.41","89","178.27","6.75"
"22:45:26","1.25","30","30.41","89","179.76","4.5"
"22:40:27","1.28","30","30.41","89","187.54","6.75"
"22:35:20","1.26","30","30.41","90","176.06","7.87"
"22:30:19","1.26","30","30.41","91","181.79","5.62"
"22:25:23","1.27","30","30.41","91","182.98","5.62"
"22:20:21","1.28","30","30.41","92","184.99","5.62"
"22:15:22","1.26","30","30.41","92","180.08","5.62"
"22:10:23","1.28","30","30.41","91","178.12","5.62"
"22:05:22","1.28","30","30.41","92","179.16","3.37"
"22:00:22","1.26","30","30.41","91","178.94","3.37"
"21:55:20","1.24","30","30.41","91","178.47","5.62"
"21:50:19","1.28","30","30.41","91","175.26","4.5"
"21:45:22","1.25","31","30.41","92","179.89","5.62"
"21:40:24","1.3","31","30.41","93","179.58","4.5"
"21:35:20","1.26","31","30.41","93","179.65","5.62"
"21:30:23","1.26","30","30.41","94","180.05","5.62"
"21:25:22","1.24","30","30.41","94","181.01","7.87"
"21:20:19","1.28","30","30.41","95","175.15","6.75"
"21:15:19","1.29","30","30.41","95","170.13","4.5"
"21:10:21","1.28","30","30.41","95","171.48","4.5"
"21:05:21","1.25","30","30.41","94","164.25","3.37"
"21:00:19","1.26","30","30.41","94","164.22","4.5"
"20:55:24","1.27","31","30.41","94","161.59","2.25"
"20:50:20","1.27","31","30.41","95","161.59","3.37"
"20:45:19","1.28","31","30.41","95","161.59","3.37"
"20:40:20","1.27","31","30.41","95","157.74","3.37"
"20:35:21","1.28","31","30.41","95","157.7","3.37"
"20:30:24","1.27","31","30.41","95","157.73","3.37"
"20:25:19","1.27","31","30.41","95","181.5","2.25"
"20:20:19","1.27","31","30.41","95","181.51","3.37"
"20:15:19","1.27","31","30.4","94","181.56","2.25"
"20:10:19","1.27","31","30.4","94","181.55","2.25"
"20:05:23","1.28","32","30.4","93","181.56","3.37"
"20:00:22","1.29","32","30.4","94","182.23","3.37"
"19:55:23","1.29","32","30.4","96","182.99","1.12"
"19:50:23","1.29","32","30.4","97","183.01","1.12"
"19:45:24","1.25","32","30.4","96","183.01","1.12"
"19:40:19","1.27","32","30.4","96","183.01","1.12"
"19:35:21","1.3","32","30.4","96","183.02","2.25"
"19:30:23","1.28","32","30.39","96","183.01","2.25"
"19:25:22","1.26","32","30.39","96","183.01","3.37"
"19:20:19","1.3","32","30.39","95","183.01","1.12"
"19:15:20","1.27","32","30.39","95","183.01","2.25"
"19:10:25","1.25","32","30.39","95","183.01","2.25"
"19:05:25","1.3","33","30.39","95","183.01","2.25"
"19:00:23","1.29","33","30.39","95","183.01","4.5"
"18:55:21","1.26","33","30.39","94","178.45","4.5"
"18:50:26","1.29","33","30.38","94","41.5","2.25"
"18:45:18","1.23","33","30.38","94","41.5","2.25"
"18:40:19","1.27","34","30.38","94","41.5","2.25"
"18:35:19","1.3","34","30.38","94","41.5","1.12"
"18:30:24","1.29","34","30.38","95","41.5","0"
"18:25:22","1.55","35","30.38","94","41.52","2.25"
"18:20:22","2.78","35","30.38","93","39.77","0"
"18:15:20","4.63","35","30.38","93","39.77","1.12"
"18:10:26","6.47","35","30.38","93","39.77","0"
"18:05:21","8.45","36","30.38","92","28.99","3.37"
"18:00:20","10.57","36","30.38","89","11.71","3.37"
"17:55:19","13.11","36","30.38","87","20.66","1.12"
"17:50:19","16.06","36","30.38","87","20.65","3.37"
"17:45:21","19.95","36","30.37","87","34.36","1.12"
"17:40:21","28.71","37","30.37","87","35.69","1.12"
"17:35:24","41.55","37","30.37","86","10.57","2.25"
"17:30:21","43.42","37","30.37","83","40.93","1.12"
"17:25:20","55.97","37","30.37","85","41.78","1.12"
"17:20:21","57.17","37","30.37","87","52.25","2.25"
"17:15:24","66.65","37","30.37","88","59.48","1.12"
"17:10:22","78.91","37","30.37","88","13.05","1.12"
"17:05:21","73.09","37","30.37","88","61.05","4.5"
"17:00:20","327.03","37","30.37","88","2.84","6.75"
"16:55:20","199.98","37","30.37","88","51.31","3.37"
"16:50:20","117.33","37","30.36","88","351.83","2.25"
"16:45:20","109.73","37","30.36","87","25.03","3.37"
"16:40:22","93.9","38","30.36","87","34.25","2.25"
"16:35:23","147.89","38","30.36","87","16.25","4.5"
"16:30:20","179.72","37","30.36","87","26.77","2.25"
"16:25:19","151.32","38","30.36","87","6.76","5.62"
"16:20:22","136.84","38","30.36","86","32.98","6.75"
"16:15:24","137.98","38","30.36","86","14.19","2.25"
"16:10:25","175.03","38","30.36","85","2.39","6.75"
"16:05:21","117.54","38","30.36","85","0.11","6.75"
"16:00:26","143.54","39","30.36","85","0.17","2.25"
"15:55:24","205.58","40","30.36","82","0.11","6.75"
"15:50:22","256.17","39","30.36","79","350.24","1.12"
"15:45:18","516.02","39","30.36","80","60.96","6.75"
"15:40:22","212.47","39","30.36","82","24.93","1.12"
"15:35:18","427.36","39","30.36","82","31.94","5.62"
"15:30:25","379.81","39","30.36","83","0.57","1.12"
"15:25:21","223.31","39","30.37","83","34.47","4.5"
"15:20:20","223.77","39","30.37","83","353.64","6.75"
"15:15:22","266.97","39","30.36","83","26.51","3.37"
"15:10:24","229.12","39","30.37","81","30.97","6.75"
"15:05:20","258.49","40","30.37","81","0.1","5.62"
"15:00:21","264.75","41","30.37","79","32.34","6.75"
"14:55:23","932.34","41","30.37","80","6.88","5.62"
"14:50:20","989.25","40","30.37","83","44.18","7.87"
"14:45:19","642.65","40","30.36","82","359.93","4.5"
"14:40:22","507.41","41","30.37","81","348.15","7.87"
"14:35:20","268.03","41","30.36","78","27.95","3.37"
"14:30:23","751.04","41","30.36","77","31.14","4.5"
"14:25:21","375.39","41","30.36","77","26.33","6.75"
"14:20:21","200.48","40","30.36","77","22.74","6.75"
"14:15:20","284.26","40","30.37","74","23.78","2.25"
"14:10:24","622.42","40","30.37","75","46.1","5.62"
"14:05:22","1021.37","40","30.37","77","12.35","4.5"
"14:00:20","330.28","40","30.37","77","45.28","5.62"
"13:55:20","325.24","39","30.37","78","2.85","3.37"
"13:50:19","311.73","39","30.37","81","0.11","4.5"
"13:45:23","306.01","39","30.37","81","19.28","4.5"
"13:40:27","293.37","39","30.37","83","359.84","4.5"
"13:35:26","227.36","39","30.37","79","37.64","7.87"
"13:30:19","136.09","39","30.37","81","1.05","2.25"
"13:25:27","161.71","39","30.37","82","4.13","3.37"
"13:20:21","170.98","40","30.37","82","0.62","4.5"
"13:15:22","189.56","40","30.38","83","27.22","5.62"
"13:10:27","243.04","40","30.38","79","12.01","4.5"
"13:05:20","479.91","40","30.38","82","348.56","4.5"
"13:00:18","355.71","40","30.38","81","55.65","5.62"
"12:55:21","262.32","40","30.39","79","32.8","4.5"
"12:50:22","267.67","40","30.39","82","11.4","3.37"
"12:45:21","331.66","40","30.39","80","5.97","5.62"
"12:40:21","263.4","40","30.39","81","6.53","9"
"12:35:20","281.78","41","30.39","79","10.02","6.75"
"12:30:19","251.31","41","30.39","78","0.1","1.12"
"12:25:18","251.39","41","30.39","77","25.11","10.12"
"12:20:22","349.41","41","30.39","76","26.11","9"
"12:15:23","457","42","30.4","73","0.11","13.5"
"12:10:21","417.61","44","30.4","71","1.36","11.25"
"12:05:22","1065.45","43","30.4","70","336.36","5.62"
"12:00:25","915.28","44","30.4","71","26.87","5.62"
"11:55:21","698.48","43","30.4","71","22.55","5.62"
"11:50:21","718.25","43","30.4","70","127.34","4.5"
"11:45:25","900.41","43","30.4","71","348.92","5.62"
"11:40:28","840.65","43","30.4","69","65.38","1.12"
"11:35:24","1387.17","43","30.4","69","13.13","9"
"11:30:22","1153.38","42","30.4","70","351.19","5.62"
"11:25:21","1148.24","42","30.4","66","83.55","6.75"
"11:20:22","669.1","43","30.4","67","336.46","6.75"
"11:15:27","1136.31","43","30.4","71","36.78","7.87"
"11:10:25","1298.4","43","30.41","68","34.35","3.37"
"11:05:21","1148.18","42","30.41","71","19.41","2.25"
"11:00:29","1146.34","42","30.41","70","31.76","4.5"
"10:55:22","1011.93","42","30.41","66","53.89","6.75"
"10:50:21","559.83","42","30.41","67","45.08","4.5"
"10:45:19","1041.63","41","30.41","71","44.53","7.87"
"10:40:21","1009.13","40","30.41","71","0.11","4.5"
"10:35:21","940.05","40","30.41","70","0.36","6.75"
"10:30:21","920.85","40","30.41","69","6.4","3.37"
"10:25:22","905.51","40","30.41","71","16.93","3.37"
"10:20:21","894.08","39","30.41","70","0.11","6.75"
"10:10:20","875.37","40","30.41","69","17.98","5.62"
"10:05:21","860.83","40","30.41","70","324.63","3.37"
"10:00:20","846.5","40","30.41","71","21.06","4.5"
"09:55:20","832.09","39","30.41","71","23.17","4.5"
"09:50:23","818.39","39","30.41","70","28.34","4.5"
"09:45:20","804.03","39","30.41","74","3.46","2.25"
"09:40:20","789.78","39","30.41","76","0.11","5.62"
"09:35:22","775.25","39","30.41","78","9.12","5.62"
"09:30:21","762.13","39","30.4","78","37.4","5.62"
"09:25:21","746.41","40","30.4","78","10.93","5.62"
"09:20:19","729.94","40","30.4","73","30.69","5.62"
"09:15:22","714.11","39","30.4","72","0.12","6.75"
"09:10:18","695.98","39","30.4","76","9.41","4.5"
"09:05:22","679.58","38","30.4","79","30.46","4.5"
"09:00:24","661.91","38","30.4","79","11.8","4.5"
"08:55:25","644.63","38","30.4","79","14.39","2.25"
"08:50:19","626.64","38","30.4","78","0.19","4.5"
"08:45:25","608.33","38","30.4","78","36.04","4.5"
"08:40:22","589.97","38","30.4","81","9.58","3.37"
"08:35:21","570.94","39","30.4","76","56.26","5.62"
"08:30:21","551.96","39","30.39","67","3.35","6.75"
"08:25:23","532.48","39","30.39","65","60.54","1.12"
"08:20:27","512.72","38","30.39","67","50.13","0"
"08:15:24","492.85","37","30.39","72","31.17","2.25"
"08:10:27","472.36","37","30.39","74","104.99","2.25"
"08:05:20","451.12","36","30.39","79","97.78","1.12"
"08:00:20","430.18","35","30.38","81","54.01","4.5"
"07:55:19","409.64","34","30.38","83","43.27","4.5"
"07:50:22","388.16","32","30.38","88","124.56","2.25"
"07:45:20","366.43","30","30.38","93","160.38","5.62"
"07:40:23","345.42","29","30.38","97","146.08","7.87"
"07:35:22","323.83","29","30.38","97","157.65","7.87"
"07:30:19","299.86","28","30.38","97","157.57","10.12"
"07:25:23","198.71","28","30.38","97","152.08","4.5"
"07:20:24","210.01","28","30.38","95","125.84","7.87"
"07:15:20","122.09","28","30.38","94","90.79","3.37"
"07:10:23","170.68","28","30.38","87","36.45","9"
"07:05:22","22.43","27","30.37","85","182.84","2.25"
"07:00:20","20.86","27","30.37","83","184.96","4.5"
"06:55:19","19.88","27","30.37","83","166.88","3.37"
"06:50:19","18.99","27","30.37","82","154.86","2.25"
"06:45:20","17.95","27","30.37","82","154.32","2.25"
"06:40:24","16.75","27","30.37","82","161.32","2.25"
"06:35:23","15.42","26","30.37","83","161.57","2.25"
"06:30:18","13.96","26","30.37","85","172","5.62"
"06:25:23","11.64","26","30.37","83","180.14","6.75"
"06:20:21","9.72","26","30.37","81","174.75","9"
"06:15:21","7.26","26","30.37","80","181.3","2.25"
"06:10:22","5.86","26","30.37","79","181.3","3.37"
"06:05:20","2.98","26","30.37","79","179.55","4.5"
"06:00:20","1.62","26","30.37","78","191.03","3.37"
"05:55:23","1.23","26","30.37","79","193.75","4.5"
"05:50:22","1.21","26","30.37","78","197.88","5.62"
"05:45:22","1.2","26","30.37","78","200.47","4.5"
"05:40:24","1.24","27","30.37","81","200.49","5.62"
"05:35:21","1.21","27","30.37","83","196.22","5.62"
"05:30:21","1.21","27","30.37","83","201.36","4.5"
"05:25:23","1.26","27","30.37","84","201.36","3.37"
"05:20:19","1.18","27","30.37","82","201.34","4.5"
"05:15:22","1.23","28","30.36","80","223.56","3.37"
"05:10:21","1.24","28","30.36","79","210.68","5.62"
"05:05:24","1.19","28","30.36","80","223.45","11.25"
"05:00:19","1.24","28","30.36","82","206.91","4.5"
"04:55:21","1.23","28","30.36","88","176.9","5.62"
"04:50:20","1.21","28","30.36","90","169.55","5.62"
"04:45:22","1.24","28","30.36","92","164.62","6.75"
"04:40:21","1.24","28","30.36","92","178.25","7.87"
"04:35:25","1.21","28","30.36","91","172.88","7.87"
"04:30:18","1.22","27","30.36","90","188.92","6.75"
"04:25:21","1.18","27","30.36","87","178.79","10.12"
"04:20:18","1.24","27","30.36","79","189.61","7.87"
"04:15:20","1.22","27","30.36","74","179.69","7.87"
"04:10:23","1.22","27","30.36","73","184.99","7.87"
"04:05:23","1.22","26","30.36","74","189.53","6.75"
"04:00:19","1.21","26","30.36","75","197.99","10.12"
"03:55:20","1.23","26","30.36","75","195.86","9"
"03:50:19","1.22","27","30.36","74","197.82","7.87"
"03:45:18","1.23","27","30.36","73","191.53","5.62"
"03:40:19","1.22","26","30.36","72","197.52","4.5"
"03:35:20","1.22","26","30.36","74","184.84","4.5"
"03:30:21","1.2","26","30.36","73","188.07","3.37"
"03:25:23","1.2","26","30.36","74","172.03","7.87"
"03:20:21","1.23","26","30.36","74","173.97","4.5"
"03:15:22","1.22","26","30.36","75","166.51","2.25"
"03:10:24","1.22","26","30.37","75","166.7","5.62"
"03:05:19","1.24","26","30.37","72","169.96","6.75"
"03:00:20","1.23","26","30.36","72","205.07","5.62"
"02:55:20","1.21","26","30.37","74","188.81","7.87"
"02:50:23","1.23","26","30.37","73","171.95","5.62"
"02:45:22","1.21","27","30.37","73","174.19","6.75"
"02:40:20","1.24","27","30.37","74","166.65","5.62"
"02:35:21","1.17","28","30.37","74","175.51","5.62"
"02:30:21","1.22","28","30.37","72","185.07","7.87"
"02:25:21","1.19","28","30.37","75","181.16","10.12"
"02:20:19","1.22","28","30.37","81","184.98","5.62"
"02:15:25","1.24","28","30.37","84","175.26","9"
"02:10:22","1.25","28","30.37","84","175.33","4.5"
"02:05:23","1.21","28","30.37","84","176.7","6.75"
"02:00:22","1.23","28","30.37","83","124","7.87"
"01:55:20","1.22","28","30.37","83","163.14","3.37"
"01:50:22","1.21","27","30.38","83","178.18","7.87"
"01:45:20","1.24","27","30.38","83","172.67","7.87"
"01:40:22","1.23","27","30.38","82","148.2","6.75"
"01:35:22","1.19","28","30.38","83","194.22","6.75"
"01:30:22","1.2","27","30.38","82","194.72","11.25"
"01:25:18","1.22","27","30.38","81","197.39","9"
"01:20:21","1.26","27","30.38","80","185.16","5.62"
"01:15:25","1.23","27","30.39","76","169.69","5.62"
"01:10:25","1.21","27","30.39","75","176.66","6.75"
"00:55:24","1.21","26","30.39","77","178.51","3.37"
"00:50:24","1.23","26","30.4","78","182.8","3.37"
"00:45:19","1.22","26","30.4","79","172.2","3.37"
"00:40:21","1.23","26","30.4","79","182.66","5.62"
"00:35:20","1.21","26","30.4","78","173.85","2.25"
"00:30:23","1.22","26","30.4","79","173.87","6.75"
"00:25:20","1.21","26","30.4","79","173.86","4.5"
"00:05:24","1.19","26","30.4","79","175.68","4.5"
"00:00:23","1.2","26","30.41","78","173.8","5.62"
"23:55:26","1.23","26","30.41","77","170.77","4.5"
"23:50:21","1.19","26","30.41","74","178.44","4.5"
"23:45:26","1.24","27","30.41","69","169.71","4.5"
"23:40:25","1.21","27","30.41","67","172.56","3.37"
"23:35:23","1.21","27","30.41","67","150.45","5.62"
"23:30:21","1.23","27","30.41","69","171.8","5.62"
"23:25:21","1.18","27","30.41","69","160.75","4.5"
"23:20:23","1.23","27","30.41","71","124.19","2.25"
"23:15:19","1.19","27","30.41","70","150.78","4.5"
"23:10:22","1.24","27","30.41","66","147.53","5.62"
"23:05:19","1.22","27","30.42","64","156.35","5.62"
"23:00:28","1.24","27","30.42","64","137.95","4.5"
"22:55:19","1.2","28","30.42","64","158.9","4.5"
"22:50:20","1.21","28","30.42","62","111.83","2.25"
"22:45:20","1.19","28","30.42","62","98.36","4.5"
"22:40:19","1.23","28","30.42","61","94.26","3.37"
"22:35:23","1.24","28","30.43","60","170.29","3.37"
"22:30:28","1.25","28","30.43","60","162.35","3.37"
"22:25:46","1.22","28","30.43","60","130.79","5.62"
"22:20:22","1.24","27","30.42","62","150.91","5.62"
"22:15:23","1.26","27","30.43","64","151.1","6.75"
"22:10:24","1.26","27","30.43","68","176.98","5.62"
"22:05:19","1.21","28","30.43","67","161.98","9"
"22:00:21","1.25","28","30.43","66","155.13","4.5"
"21:55:18","1.24","28","30.43","63","114.4","3.37"
"21:50:19","1.21","28","30.43","59","75.79","3.37"
"21:45:23","1.23","29","30.43","57","48.5","4.5"
"21:40:24","1.21","29","30.43","56","99.45","3.37"
"21:30:18","1.2","29","30.43","56","154.74","1.12"
"21:25:23","1.19","28","30.43","55","162.28","3.37"
"21:20:21","1.23","28","30.43","56","150.34","5.62"
"21:15:20","1.23","28","30.43","57","172.26","4.5"
"21:10:22","1.21","28","30.43","56","149.16","3.37"
"21:05:26","1.21","28","30.43","57","138.9","3.37"
"21:00:19","1.24","29","30.43","57","100.12","3.37"
"20:55:24","1.24","29","30.43","56","126.17","4.5"
"20:50:24","1.24","29","30.43","56","111.95","12.37"
"20:45:19","1.21","29","30.43","56","118.15","10.12"
"20:40:20","1.2","29","30.43","56","105.61","11.25"
"20:35:24","1.24","29","30.42","57","136.74","9"
"20:30:35","1.19","29","30.42","57","111.24","5.62"
"20:25:26","1.23","29","30.42","58","148.46","4.5"
"20:20:19","1.24","29","30.42","58","147.39","9"
"20:15:20","1.2","29","30.42","61","169.58","4.5"
"20:10:21","1.18","29","30.42","63","154.28","2.25"
"20:05:22","1.22","29","30.42","65","163.41","6.75"
"20:00:20","1.24","29","30.42","66","77.55","10.12"
"19:55:21","1.24","29","30.42","66","134.67","4.5"
"19:50:31","1.22","29","30.42","66","140.94","9"
"19:45:19","1.24","29","30.42","67","142.52","10.12"
"19:40:22","1.21","29","30.41","67","107.91","9"
"19:35:19","1.21","29","30.41","68","136.67","4.5"
"19:30:20","1.2","29","30.41","68","116.51","5.62"
"19:25:23","1.21","29","30.41","68","84.75","6.75"
"19:20:24","1.21","29","30.41","69","124.03","4.5"
"19:15:20","1.23","29","30.41","68","132.29","6.75"
"19:10:21","1.21","29","30.41","70","127.99","7.87"
"19:05:27","1.22","29","30.41","69","87.77","4.5"
"19:00:21","1.21","29","30.4","68","107.19","9"
"18:55:25","1.23","29","30.4","69","100.35","4.5"
"18:50:19","1.23","30","30.4","68","64.43","4.5"
"18:45:20","1.22","30","30.4","69","327.69","4.5"
"18:40:20","1.22","30","30.4","70","81.45","5.62"
"18:35:20","1.22","30","30.39","73","49.53","2.25"
"18:30:19","1.22","30","30.39","75","104.11","6.75"
"18:25:22","1.78","30","30.39","78","58.86","11.25"
"18:20:20","3.25","30","30.39","80","68.68","4.5"
"18:15:20","5.31","30","30.39","81","67.66","4.5"
"18:10:19","7.65","31","30.39","84","79.54","6.75"
"18:05:21","10.51","32","30.39","84","86.63","4.5"
"18:00:24","19.49","32","30.39","86","128.64","5.62"
"17:55:21","24.43","33","30.39","87","88.1","4.5"
"17:50:19","34.23","33","30.39","86","85.26","4.5"
"17:45:21","50.53","33","30.39","84","45.16","4.5"
"17:40:20","69.38","33","30.39","86","85.51","3.37"
"17:35:19","112.88","33","30.39","87","24.05","7.87"
"17:30:22","191.21","33","30.39","86","1.09","5.62"
"17:25:20","158.22","34","30.38","86","42.52","13.5"
"17:20:19","267.71","34","30.39","85","94.13","2.25"
"17:15:19","225.93","35","30.38","84","48.11","6.75"
"17:10:22","309.28","35","30.38","83","36.69","4.5"
"17:05:21","306.22","35","30.39","82","14.8","10.12"
"17:00:27","296.86","36","30.38","83","44.17","7.87"
"16:55:32","202.95","36","30.39","82","8.3","11.25"
"16:50:18","325.99","36","30.38","77","4.26","5.62"
"16:45:22","347.04","37","30.39","74","0.11","6.75"
"16:40:20","368.73","37","30.39","73","89.46","4.5"
"16:35:23","390.71","37","30.39","69","353.86","3.37"
"16:30:19","411.99","37","30.39","74","339.56","9"
"16:25:19","432.21","37","30.39","75","13.27","9"
"16:20:21","452.75","37","30.39","76","39.79","6.75"
"16:15:22","472.99","37","30.39","77","86.57","5.62"
"16:10:19","495.46","38","30.39","72","49.65","6.75"
"16:00:20","536.83","38","30.39","71","49.23","5.62"
"15:55:22","554.43","38","30.39","72","352.07","6.75"
"15:50:19","525.69","38","30.39","75","84.17","3.37"
"15:45:21","609.48","38","30.39","76","35.28","4.5"
"15:40:19","613.63","38","30.39","76","61.81","6.75"
"15:35:25","634.57","38","30.39","70","71.06","6.75"
"15:30:24","652.9","38","30.39","74","15.15","12.37"
"15:25:20","671.97","38","30.38","78","73.79","10.12"
"15:20:25","693.57","38","30.39","79","33.35","3.37"
"15:15:22","702.59","38","30.39","78","59.84","9"
"15:10:24","787.8","38","30.39","79","33.49","12.37"
"15:05:18","860.9","38","30.38","79","35.6","14.62"
"15:00:19","762.08","39","30.39","79","31.03","7.87"
"14:55:19","781.51","38","30.39","77","347.59","7.87"
"14:50:21","444.61","39","30.39","80","353.76","12.37"
"14:45:20","821.37","39","30.39","76","18","9"
"14:40:25","842.99","39","30.39","75","31.57","7.87"
"14:35:18","948.23","39","30.38","74","83.27","6.75"
"14:30:23","888.36","39","30.39","73","95.76","5.62"
"14:25:20","864.97","39","30.39","72","30.95","5.62"
"14:20:21","880.19","39","30.39","76","304.89","2.25"
"14:15:19","1067.04","39","30.39","73","36.41","11.25"
"14:10:22","968.2","39","30.39","72","5.49","11.25"
"14:05:21","1024.14","39","30.39","72","71.04","9"
"14:00:24","1048.97","39","30.4","72","77.04","4.5"
"13:55:21","620.78","39","30.4","73","24.58","7.87"
"13:50:21","961.91","39","30.4","72","24.29","9"
"13:45:18","955.07","39","30.4","72","58.61","3.37"
"13:40:19","967.77","40","30.4","68","37.38","13.5"
"13:35:18","975.64","39","30.4","66","329.58","3.37"
"13:30:22","980.12","39","30.41","67","32.33","7.87"
"13:25:25","987.8","40","30.41","68","39.69","7.87"
"13:20:21","995.35","40","30.4","68","359.92","3.37"
"13:15:25","1000.47","40","30.4","70","87.75","9"
"13:10:23","1008.65","40","30.41","69","14.71","15.75"
"13:05:19","1013.84","40","30.41","69","6.91","11.25"
"13:00:21","1017.12","40","30.41","68","75.81","12.37"
"12:55:20","1026.57","40","30.41","69","34.13","11.25"
"12:50:20","1033.68","40","30.41","66","339.4","4.5"
"12:45:25","1030.61","40","30.41","63","13.74","6.75"
"12:40:27","1035.75","40","30.42","61","341.03","9"
"12:35:21","1041.97","40","30.42","62","43.27","12.37"
"12:30:21","1040.64","40","30.42","66","14.64","11.25"
"10:45:19","959.96","39","30.45","65","22.24","10.12"
"10:40:25","950.81","39","30.45","66","29.58","5.62"
"10:35:19","941.06","38","30.45","66","101.13","6.75"
"10:30:22","930.18","38","30.45","72","77.44","7.87"
"10:25:22","918.87","39","30.45","70","27.55","2.25"
"10:20:20","908.03","39","30.45","69","53.74","12.37"
"10:15:29","898.27","39","30.45","60","49.31","9"
"10:10:19","883.91","39","30.45","58","96.26","4.5"
"10:05:32","874.06","39","30.45","58","75.7","9"
"10:00:22","860.54","38","30.45","66","80.37","3.37"
"09:55:23","847.84","38","30.45","65","143.21","6.75"
"09:50:19","833.84","37","30.45","72","87.81","6.75"
"09:45:18","821.11","37","30.45","69","91","3.37"
"09:40:26","805.68","38","30.45","65","2.38","4.5"
"09:35:20","791.78","37","30.45","66","61.29","10.12"
"09:30:20","774.42","37","30.45","67","336.17","4.5"
